{
  "detected_frequencies_hz": [
    1000.0040859008384,
    1499.9959695287612,
    2000.0049334672353
  ],
  "noise_floor": 0.08514297316611735,
  "max_amplitude": 1.0536809921064136,
  "kept_bins": [
    0,
    9998,
    9999,
    10000,
    10001,
    10002,
    14998,
    14999,
    15000,
    15001,
    15002,
    19998,
    19999,
    20000,
    20001,
    20002
  ]
}