{
  "detected_frequencies_hz": [
    50.000073066363434,
    119.9999722791375,
    400.00001125127574
  ],
  "noise_floor": 0.005178439476003452,
  "max_amplitude": 3.5008513895499513,
  "kept_bins": [
    0,
    498,
    499,
    500,
    501,
    502,
    1198,
    1199,
    1200,
    1201,
    1202,
    3998,
    3999,
    4000,
    4001,
    4002
  ]
}