{
  "detected_frequencies_hz": [
    50.0000379001293,
    120.00002532989419,
    399.9999884629464
  ],
  "noise_floor": 0.004196841283660758,
  "max_amplitude": 3.497791018497294,
  "kept_bins": [
    0,
    498,
    499,
    500,
    501,
    502,
    1198,
    1199,
    1200,
    1201,
    1202,
    3998,
    3999,
    4000,
    4001,
    4002
  ]
}