{
  "detected_frequencies_hz": [
    2420.0037031965594,
    979.9984730763563,
    1100.0051768194567
  ],
  "noise_floor": 0.0853727855372714,
  "max_amplitude": 1.0602756539207274,
  "kept_bins": [
    0,
    9798,
    9799,
    9800,
    9801,
    9802,
    10998,
    10999,
    11000,
    11001,
    11002,
    24198,
    24199,
    24200,
    24201,
    24202
  ]
}