{
  "detected_frequencies_hz": [
    1629.9994727134692,
    700.001386714224,
    19.999940726349266
  ],
  "noise_floor": 0.08551008408106933,
  "max_amplitude": 1.051882560920419,
  "kept_bins": [
    0,
    198,
    199,
    200,
    201,
    202,
    6998,
    6999,
    7000,
    7001,
    7002,
    16298,
    16299,
    16300,
    16301,
    16302
  ]
}