{
  "detected_frequencies_hz": [
    2300.000205747417,
    2070.0011455054428,
    499.9977926372283
  ],
  "noise_floor": 0.0854880073757873,
  "max_amplitude": 1.1174997901675017,
  "kept_bins": [
    0,
    4998,
    4999,
    5000,
    5001,
    5002,
    20698,
    20699,
    20700,
    20701,
    20702,
    22998,
    22999,
    23000,
    23001,
    23002
  ]
}