{
  "detected_frequencies_hz": [
    1499.9992996243773,
    1999.9997331266702,
    2100.000434617916
  ],
  "noise_floor": 0.08552451350011012,
  "max_amplitude": 1.1185463585749613,
  "kept_bins": [
    0,
    14998,
    14999,
    15000,
    15001,
    15002,
    19998,
    19999,
    20000,
    20001,
    20002,
    20998,
    20999,
    21000,
    21001,
    21002
  ]
}