{
  "detected_frequencies_hz": [
    349.998333979742,
    599.9971123805597,
    2879.998091555082
  ],
  "noise_floor": 0.08557449863257319,
  "max_amplitude": 1.1233244047141608,
  "kept_bins": [
    0,
    3498,
    3499,
    3500,
    3501,
    3502,
    5998,
    5999,
    6000,
    6001,
    6002,
    28798,
    28799,
    28800,
    28801,
    28802
  ]
}