{
  "detected_frequencies_hz": [
    2470.0019562357215,
    999.9946629453149,
    1399.9976378327622
  ],
  "noise_floor": 0.08553309879905927,
  "max_amplitude": 1.0696010377246656,
  "kept_bins": [
    0,
    9998,
    9999,
    10000,
    10001,
    10002,
    13998,
    13999,
    14000,
    14001,
    14002,
    24698,
    24699,
    24700,
    24701,
    24702
  ]
}