{
  "detected_frequencies_hz": [
    2740.0000802395493,
    720.0092570841674,
    1200.000084066004
  ],
  "noise_floor": 0.08451866016103005,
  "max_amplitude": 1.143441701085703,
  "kept_bins": [
    0,
    7198,
    7199,
    7200,
    7201,
    7202,
    11998,
    11999,
    12000,
    12001,
    12002,
    27398,
    27399,
    27400,
    27401,
    27402
  ]
}