{
  "detected_frequencies_hz": [
    1340.0038253724417,
    719.999841463095,
    400.0008626188938
  ],
  "noise_floor": 0.08565601885289363,
  "max_amplitude": 1.1147997932227274,
  "kept_bins": [
    0,
    3998,
    3999,
    4000,
    4001,
    4002,
    7198,
    7199,
    7200,
    7201,
    7202,
    13398,
    13399,
    13400,
    13401,
    13402
  ]
}