{
  "detected_frequencies_hz": [
    489.99808713484856,
    1299.998109146027,
    140.00325175838978
  ],
  "noise_floor": 0.08571635027373516,
  "max_amplitude": 1.020275170650942,
  "kept_bins": [
    0,
    1398,
    1399,
    1400,
    1401,
    1402,
    4898,
    4899,
    4900,
    4901,
    4902,
    12998,
    12999,
    13000,
    13001,
    13002
  ]
}