{
  "detected_frequencies_hz": [
    2200.000169374787,
    1500.0003316453056,
    3000.0049411104837
  ],
  "noise_floor": 0.08579666836764366,
  "max_amplitude": 1.1296453933804513,
  "kept_bins": [
    0,
    14998,
    14999,
    15000,
    15001,
    15002,
    21998,
    21999,
    22000,
    22001,
    22002,
    29998,
    29999,
    30000,
    30001,
    30002
  ]
}