{
  "detected_frequencies_hz": [
    60.00595868247758,
    1680.0010145893973
  ],
  "noise_floor": 0.08577041363390528,
  "max_amplitude": 0.9460169782256007,
  "kept_bins": [
    0,
    598,
    599,
    600,
    601,
    602,
    16798,
    16799,
    16800,
    16801,
    16802
  ]
}