{
  "detected_frequencies_hz": [
    799.9986572064315,
    2740.0045662047823,
    2440.002058412202
  ],
  "noise_floor": 0.08561585893381037,
  "max_amplitude": 1.0000841325760241,
  "kept_bins": [
    0,
    7998,
    7999,
    8000,
    8001,
    8002,
    24398,
    24399,
    24400,
    24401,
    24402,
    27398,
    27399,
    27400,
    27401,
    27402
  ]
}